{"label":0.0,"sentence":"I wish Java could use case classes","words":["i","wish","java","could","use","case","classes"],"wordf":{"type":0,"size":16,"indices":[1,5,6,9,15],"values":[2.0,1.0,1.0,1.0,2.0]},"features":{"type":0,"size":16,"indices":[1,5,6,9,15],"values":[0.5753641449035617,0.6931471805599453,0.6931471805599453,0.28768207245178085,1.3862943611198906]}}
