{"label":1.0,"sentence":"Logistic regression models are neat","words":["logistic","regression","models","are","neat"],"wordf":{"type":0,"size":16,"indices":[2,4,7,9,14],"values":[1.0,1.0,1.0,1.0,1.0]},"features":{"type":0,"size":16,"indices":[2,4,7,9,14],"values":[0.6931471805599453,0.6931471805599453,0.6931471805599453,0.28768207245178085,0.6931471805599453]}}
