{"label":0.0,"sentence":"Hi I heard about Spark","words":["hi","i","heard","about","spark"],"wordf":{"type":0,"size":16,"indices":[1,8,13],"values":[3.0,1.0,1.0]},"features":{"type":0,"size":16,"indices":[1,8,13],"values":[0.8630462173553426,0.6931471805599453,0.6931471805599453]}}
