{"label":1.0,"features":{"type":1,"values":[-1.0,1.5,1.3]},"rawPrediction":{"type":1,"values":[-6.587201443935502,6.587201443935502]},"probability":{"type":1,"values":[0.001375994706921437,0.9986240052930786]},"prediction":1.0}
{"label":0.0,"features":{"type":1,"values":[3.0,2.0,-0.1]},"rawPrediction":{"type":1,"values":[3.9801828194256608,-3.9801828194256608]},"probability":{"type":1,"values":[0.9816604009374171,0.018339599062582895]},"prediction":0.0}
{"label":1.0,"features":{"type":1,"values":[0.0,2.2,-1.5]},"rawPrediction":{"type":1,"values":[-6.37651770286047,6.37651770286047]},"probability":{"type":1,"values":[0.0016981475578358206,0.9983018524421641]},"prediction":1.0}
